Price,Open,Adjusted Close,High,Low,Volume
Ticker,AAPL,AAPL,AAPL,AAPL,AAPL
Date,,,,,
2020-01-02 00:00:00+00:00,74.05999755859375,72.87610626220703,75.1500015258789,73.79750061035156,135480400
2020-01-03 00:00:00+00:00,74.2874984741211,72.1676025390625,75.1449966430664,74.125,146322800
2020-01-06 00:00:00+00:00,73.44750213623047,72.74266815185547,74.98999786376953,73.1875,118387200
2020-01-07 00:00:00+00:00,74.95999908447266,72.40054321289062,75.2249984741211,74.37000274658203,108872000
2020-01-08 00:00:00+00:00,74.29000091552734,73.56520080566406,76.11000061035156,74.29000091552734,132079200
2020-01-09 00:00:00+00:00,76.80999755859375,75.12777709960938,77.60749816894531,76.55000305175781,170108400
2020-01-10 00:00:00+00:00,77.6500015258789,75.29761505126953,78.1675033569336,77.0625,140644800
2020-01-13 00:00:00+00:00,77.91000366210938,76.90630340576172,79.26750183105469,77.7874984741211,121532000
2020-01-14 00:00:00+00:00,79.17500305175781,75.86782836914062,79.39250183105469,78.0425033569336,161954400
2020-01-15 00:00:00+00:00,77.9625015258789,75.54269409179688,78.875,77.38749694824219,121923600
2020-01-16 00:00:00+00:00,78.39749908447266,76.48898315429688,78.92500305175781,78.02249908447266,108829200
2020-01-17 00:00:00+00:00,79.06749725341797,77.33578491210938,79.68499755859375,78.75,137816400
2020-01-21 00:00:00+00:00,79.29750061035156,76.81168365478516,79.75499725341797,79.0,110843200
2020-01-22 00:00:00+00:00,79.6449966430664,77.08587646484375,79.99749755859375,79.32749938964844,101832400
2020-01-23 00:00:00+00:00,79.4800033569336,77.45709991455078,79.88999938964844,78.9124984741211,104472000
2020-01-24 00:00:00+00:00,80.0625,77.23385620117188,80.8324966430664,79.37999725341797,146537600
2020-01-27 00:00:00+00:00,77.51499938964844,74.96277618408203,77.94249725341797,76.22000122070312,161940000
2020-01-28 00:00:00+00:00,78.1500015258789,77.08341979980469,79.5999984741211,78.04750061035156,162234000
2020-01-29 00:00:00+00:00,81.11250305175781,78.69697570800781,81.9625015258789,80.34500122070312,216229200
2020-01-30 00:00:00+00:00,80.13500213623047,78.58295440673828,81.02249908447266,79.6875,126743200
2020-01-31 00:00:00+00:00,80.23249816894531,75.09867095947266,80.66999816894531,77.07250213623047,199588400
2020-02-03 00:00:00+00:00,76.07499694824219,74.89241790771484,78.37249755859375,75.55500030517578,173788400
2020-02-04 00:00:00+00:00,78.82749938964844,77.36489868164062,79.91000366210938,78.40750122070312,136616400
2020-02-05 00:00:00+00:00,80.87999725341797,77.99575805664062,81.19000244140625,79.73750305175781,118826800
2020-02-06 00:00:00+00:00,80.64250183105469,78.90807342529297,81.30500030517578,80.06500244140625,105425600
2020-02-07 00:00:00+00:00,80.59249877929688,77.83549499511719,80.8499984741211,79.5,117684000
2020-02-10 00:00:00+00:00,78.54499816894531,78.20518493652344,80.38749694824219,78.4625015258789,109348800
2020-02-11 00:00:00+00:00,80.9000015258789,77.73335266113281,80.9749984741211,79.67749786376953,94323200
2020-02-12 00:00:00+00:00,80.36750030517578,79.57933044433594,81.80500030517578,80.36750030517578,113730400
2020-02-13 00:00:00+00:00,81.04750061035156,79.01264953613281,81.55500030517578,80.8375015258789,94747600
2020-02-14 00:00:00+00:00,81.18499755859375,79.0321044921875,81.49500274658203,80.7125015258789,80113600
2020-02-18 00:00:00+00:00,78.83999633789062,77.58499908447266,79.9375,78.65249633789062,152531200
2020-02-19 00:00:00+00:00,80.0,78.70863342285156,81.14250183105469,80.0,93984000
2020-02-20 00:00:00+00:00,80.65750122070312,77.90115356445312,81.1624984741211,79.55249786376953,100566000
2020-02-21 00:00:00+00:00,79.65499877929688,76.13784790039062,80.11250305175781,77.625,129554000
2020-02-24 00:00:00+00:00,74.31500244140625,72.52127838134766,76.04499816894531,72.30750274658203,222195200
2020-02-25 00:00:00+00:00,75.23750305175781,70.06482696533203,75.63249969482422,71.53250122070312,230673600
2020-02-26 00:00:00+00:00,71.63249969482422,71.17633819580078,74.47000122070312,71.625,198054800
2020-02-27 00:00:00+00:00,70.2750015258789,66.52366638183594,71.5,68.23999786376953,320605600
2020-02-28 00:00:00+00:00,64.31500244140625,66.48472595214844,69.60250091552734,64.09249877929688,426510000
2020-03-02 00:00:00+00:00,70.56999969482422,72.67452239990234,75.36000061035156,69.43000030517578,341397200
2020-03-03 00:00:00+00:00,75.9175033569336,70.36642456054688,76.0,71.44999694824219,319475600
2020-03-04 00:00:00+00:00,74.11000061035156,73.63034057617188,75.8499984741211,73.28250122070312,219178400
2020-03-05 00:00:00+00:00,73.87999725341797,71.24198150634766,74.88749694824219,72.85250091552734,187572800
2020-03-06 00:00:00+00:00,70.5,70.29589080810547,72.70500183105469,70.30750274658203,226176800
2020-03-09 00:00:00+00:00,65.9375,64.73603057861328,69.52249908447266,65.75,286744800
2020-03-10 00:00:00+00:00,69.28500366210938,69.39842987060547,71.61000061035156,67.34249877929688,285290000
2020-03-11 00:00:00+00:00,69.34750366210938,66.98818969726562,70.30500030517578,67.96499633789062,255598800
2020-03-12 00:00:00+00:00,63.98500061035156,60.372798919677734,67.5,62.0,418474000
2020-03-13 00:00:00+00:00,66.22250366210938,67.60595703125,69.9800033569336,63.23749923706055,370732000
2020-03-16 00:00:00+00:00,60.48749923706055,58.90864562988281,64.7699966430664,60.0,322423600
2020-03-17 00:00:00+00:00,61.877498626708984,61.498870849609375,64.40249633789062,59.599998474121094,324056000
2020-03-18 00:00:00+00:00,59.942501068115234,59.993385314941406,62.5,59.279998779296875,300233600
2020-03-19 00:00:00+00:00,61.84749984741211,59.53371047973633,63.209999084472656,60.65250015258789,271857200
2020-03-20 00:00:00+00:00,61.79499816894531,55.754180908203125,62.95750045776367,57.0,401693200
2020-03-23 00:00:00+00:00,57.02000045776367,54.569732666015625,57.125,53.15250015258789,336752800
2020-03-24 00:00:00+00:00,59.09000015258789,60.04446029663086,61.92250061035156,58.57500076293945,287531200
2020-03-25 00:00:00+00:00,62.6875,59.71368408203125,64.5625,61.07500076293945,303602000
2020-03-26 00:00:00+00:00,61.630001068115234,62.855995178222656,64.66999816894531,61.59000015258789,252087200
2020-03-27 00:00:00+00:00,63.1875,60.253631591796875,63.967498779296875,61.76250076293945,204216800
2020-03-30 00:00:00+00:00,62.685001373291016,61.973140716552734,63.880001068115234,62.349998474121094,167976400
2020-03-31 00:00:00+00:00,63.900001525878906,61.8466682434082,65.62249755859375,63.0,197002000
2020-04-01 00:00:00+00:00,61.625,58.59248733520508,62.18000030517578,59.782501220703125,176218400
2020-04-02 00:00:00+00:00,60.084999084472656,59.57018280029297,61.287498474121094,59.224998474121094,165934000
2020-04-03 00:00:00+00:00,60.70000076293945,58.71408462524414,61.42499923706055,59.74250030517578,129880000
2020-04-06 00:00:00+00:00,62.724998474121094,63.83616256713867,65.77749633789062,62.345001220703125,201820400
2020-04-07 00:00:00+00:00,67.69999694824219,63.096778869628906,67.92500305175781,64.75,202887200
2020-04-08 00:00:00+00:00,65.68499755859375,64.71170806884766,66.84249877929688,65.30750274658203,168895200
2020-04-09 00:00:00+00:00,67.17500305175781,65.17869567871094,67.51750183105469,66.17500305175781,161834800
2020-04-13 00:00:00+00:00,67.07749938964844,66.45800018310547,68.42500305175781,66.4574966430664,131022800
2020-04-14 00:00:00+00:00,70.0,69.81431579589844,72.0625,69.51249694824219,194994800
2020-04-15 00:00:00+00:00,70.5999984741211,69.17711639404297,71.5824966430664,70.15750122070312,131154400
2020-04-16 00:00:00+00:00,71.84500122070312,69.72677612304688,72.05000305175781,70.5875015258789,157125200
2020-04-17 00:00:00+00:00,71.17250061035156,68.78069305419922,71.73750305175781,69.21499633789062,215250000
2020-04-20 00:00:00+00:00,69.48750305175781,67.35301208496094,70.41999816894531,69.2125015258789,130015200
2020-04-21 00:00:00+00:00,69.06999969482422,65.2710952758789,69.3125,66.35749816894531,180991600
2020-04-22 00:00:00+00:00,68.40249633789062,67.15113067626953,69.4749984741211,68.05000305175781,116862400
2020-04-23 00:00:00+00:00,68.96749877929688,66.89089965820312,70.4375,68.71749877929688,124814400
2020-04-24 00:00:00+00:00,69.30000305175781,68.82202911376953,70.75250244140625,69.25,126161200
2020-04-27 00:00:00+00:00,70.44999694824219,68.87066650390625,71.13500213623047,69.98750305175781,117087600
2020-04-28 00:00:00+00:00,71.2699966430664,67.75430297851562,71.4574966430664,69.55000305175781,112004800
2020-04-29 00:00:00+00:00,71.18250274658203,69.9797134399414,72.4175033569336,70.97250366210938,137280800
2020-04-30 00:00:00+00:00,72.48999786376953,71.45601654052734,73.63249969482422,72.0875015258789,183064000
2020-05-01 00:00:00+00:00,71.5625,70.30562591552734,74.75,71.4625015258789,240616800
2020-05-04 00:00:00+00:00,72.2925033569336,71.30036926269531,73.42250061035156,71.58000183105469,133568000
2020-05-05 00:00:00+00:00,73.76499938964844,72.3705062866211,75.25,73.61499786376953,147751200
2020-05-06 00:00:00+00:00,75.11499786376953,73.11717224121094,75.80999755859375,74.71749877929688,142333600
2020-05-07 00:00:00+00:00,75.80500030517578,73.8735580444336,76.2925033569336,75.49250030517578,115215200
2020-05-08 00:00:00+00:00,76.41000366210938,75.63186645507812,77.5875015258789,76.07250213623047,133838400
2020-05-11 00:00:00+00:00,77.0250015258789,76.82194519042969,79.26249694824219,76.80999755859375,145946400
2020-05-12 00:00:00+00:00,79.4574966430664,75.94403076171875,79.92250061035156,77.72750091552734,162301200
2020-05-13 00:00:00+00:00,78.0374984741211,75.02705383300781,78.98750305175781,75.80249786376953,200622400
2020-05-14 00:00:00+00:00,76.12750244140625,75.48797607421875,77.44750213623047,75.38249969482422,158929200
2020-05-15 00:00:00+00:00,75.0875015258789,75.0417251586914,76.9749984741211,75.05249786376953,166348400
2020-05-18 00:00:00+00:00,78.2925033569336,76.80976867675781,79.125,77.58000183105469,135178400
2020-05-19 00:00:00+00:00,78.75749969482422,76.36591339111328,79.62999725341797,78.25250244140625,101729600
2020-05-20 00:00:00+00:00,79.16999816894531,77.85108947753906,79.87999725341797,79.12999725341797,111504800
2020-05-21 00:00:00+00:00,79.66500091552734,77.27069091796875,80.22250366210938,78.96749877929688,102688800
2020-05-22 00:00:00+00:00,78.94249725341797,77.76819610595703,79.80750274658203,78.8375015258789,81803200
2020-05-26 00:00:00+00:00,80.875,77.24141693115234,81.05999755859375,79.125,125522000
2020-05-27 00:00:00+00:00,79.03500366210938,77.57795715332031,79.67749786376953,78.27249908447266,112945200
2020-05-28 00:00:00+00:00,79.19249725341797,77.61212158203125,80.86000061035156,78.90750122070312,133560800
2020-05-29 00:00:00+00:00,79.8125,77.53651428222656,80.2874984741211,79.11750030517578,153532400
2020-06-01 00:00:00+00:00,79.4375,78.49002838134766,80.5875015258789,79.30249786376953,80791200
2020-06-02 00:00:00+00:00,80.1875,78.85342407226562,80.86000061035156,79.73249816894531,87642800
2020-06-03 00:00:00+00:00,81.16500091552734,79.28750610351562,81.55000305175781,80.57499694824219,104491200
2020-06-04 00:00:00+00:00,81.09750366210938,78.60469055175781,81.40499877929688,80.19499969482422,87560400
2020-06-05 00:00:00+00:00,80.8375015258789,80.8434066772461,82.9375,80.80750274658203,137250400
2020-06-08 00:00:00+00:00,82.5625,81.32137298583984,83.4000015258789,81.83000183105469,95654400
2020-06-09 00:00:00+00:00,83.03500366210938,83.88937377929688,86.40249633789062,83.00250244140625,147712400
2020-06-10 00:00:00+00:00,86.9749984741211,86.04762268066406,88.69249725341797,86.52249908447266,166651600
2020-06-11 00:00:00+00:00,87.32749938964844,81.91643524169922,87.76499938964844,83.87000274658203,201662400
2020-06-12 00:00:00+00:00,86.18000030517578,82.6236572265625,86.94999694824219,83.55500030517578,200146000
2020-06-15 00:00:00+00:00,83.3125,83.64549255371094,86.41999816894531,83.1449966430664,138808800
2020-06-16 00:00:00+00:00,87.86499786376953,85.86227416992188,88.30000305175781,86.18000030517578,165428800
2020-06-17 00:00:00+00:00,88.7874984741211,85.74278259277344,88.8499984741211,87.77249908447266,114406400
2020-06-18 00:00:00+00:00,87.85250091552734,85.77692413330078,88.36250305175781,87.30500030517578,96820400
2020-06-19 00:00:00+00:00,88.66000366210938,85.2867431640625,89.13999938964844,86.2874984741211,264476000
2020-06-22 00:00:00+00:00,87.83499908447266,87.51817321777344,89.86499786376953,87.7874984741211,135445200
2020-06-23 00:00:00+00:00,91.0,89.38623809814453,93.09500122070312,90.56749725341797,212155600
2020-06-24 00:00:00+00:00,91.25,87.80838012695312,92.19750213623047,89.62999725341797,192623200
2020-06-25 00:00:00+00:00,90.17500305175781,88.97409057617188,91.25,89.39250183105469,137522400
2020-06-26 00:00:00+00:00,91.10250091552734,86.24027252197266,91.33000183105469,88.25499725341797,205256800
2020-06-29 00:00:00+00:00,88.3125,88.22783660888672,90.5425033569336,87.81999969482422,130646000
2020-06-30 00:00:00+00:00,90.0199966430664,88.96432495117188,91.49500274658203,90.0,140223200
2020-07-01 00:00:00+00:00,91.27999877929688,88.79605865478516,91.83999633789062,90.97750091552734,110737200
2020-07-02 00:00:00+00:00,91.9625015258789,88.79605865478516,92.61750030517578,90.91000366210938,114041600
2020-07-06 00:00:00+00:00,92.5,91.17137145996094,93.94499969482422,92.46749877929688,118655600
2020-07-07 00:00:00+00:00,93.85250091552734,90.8884506225586,94.65499877929688,93.05750274658203,112424400
2020-07-08 00:00:00+00:00,94.18000030517578,93.00529479980469,95.375,94.08999633789062,117092000
2020-07-09 00:00:00+00:00,96.26249694824219,93.40522766113281,96.31749725341797,94.67250061035156,125642800
2020-07-10 00:00:00+00:00,95.33499908447266,93.5686264038086,95.9800033569336,94.70500183105469,90257200
2020-07-13 00:00:00+00:00,97.26499938964844,93.13697052001953,99.95500183105469,95.25749969482422,191649200
2020-07-14 00:00:00+00:00,94.83999633789062,94.67823791503906,97.25499725341797,93.87750244140625,170989200
2020-07-15 00:00:00+00:00,98.98999786376953,95.32937622070312,99.24749755859375,96.48999786376953,153198000
2020-07-16 00:00:00+00:00,96.5625,94.1563491821289,97.40499877929688,95.90499877929688,110577600
2020-07-17 00:00:00+00:00,96.98750305175781,93.96614074707031,97.14749908447266,95.83999633789062,92186800
2020-07-20 00:00:00+00:00,96.4175033569336,95.94637298583984,98.5,96.0625,90318000
2020-07-21 00:00:00+00:00,99.17250061035156,94.62214660644531,99.25,96.74250030517578,103433200
2020-07-22 00:00:00+00:00,96.69249725341797,94.8879623413086,97.9749984741211,96.60250091552734,89001600
2020-07-23 00:00:00+00:00,96.99749755859375,90.56900787353516,97.07749938964844,92.01000213623047,197004400
2020-07-24 00:00:00+00:00,90.98750305175781,90.34464263916016,92.97000122070312,89.1449966430664,185438800
2020-07-27 00:00:00+00:00,93.70999908447266,92.48582458496094,94.90499877929688,93.4800033569336,121214000
2020-07-28 00:00:00+00:00,94.36750030517578,90.96649932861328,94.55000305175781,93.24749755859375,103625600
2020-07-29 00:00:00+00:00,93.75,92.710205078125,95.2300033569336,93.7125015258789,90329200
2020-07-30 00:00:00+00:00,94.1875,93.83201599121094,96.29750061035156,93.76750183105469,158130000
2020-07-31 00:00:00+00:00,102.88500213623047,103.6551513671875,106.41500091552734,100.82499694824219,374336800
2020-08-03 00:00:00+00:00,108.19999694824219,106.26702117919922,111.63749694824219,107.89250183105469,308151200
2020-08-04 00:00:00+00:00,109.13249969482422,106.97667694091797,110.79000091552734,108.38749694824219,173071600
2020-08-05 00:00:00+00:00,109.37750244140625,107.36443328857422,110.39250183105469,108.89749908447266,121776800
2020-08-06 00:00:00+00:00,110.40499877929688,111.11029052734375,114.4124984741211,109.79750061035156,202428800
2020-08-07 00:00:00+00:00,113.20500183105469,108.58409881591797,113.67500305175781,110.2925033569336,198045600
2020-08-10 00:00:00+00:00,112.5999984741211,110.1623764038086,113.7750015258789,110.0,212403600
2020-08-11 00:00:00+00:00,111.97000122070312,106.88615417480469,112.48249816894531,109.10749816894531,187902400
2020-08-12 00:00:00+00:00,110.49749755859375,110.43844604492188,113.2750015258789,110.29750061035156,165598000
2020-08-13 00:00:00+00:00,114.43000030517578,112.39292907714844,116.0425033569336,113.92749786376953,210082000
2020-08-14 00:00:00+00:00,114.83000183105469,112.29275512695312,115.0,113.04499816894531,165565200
2020-08-17 00:00:00+00:00,116.0625,111.99958038330078,116.0875015258789,113.9625015258789,119561600
2020-08-18 00:00:00+00:00,114.35250091552734,112.93285369873047,116.0,114.00749969482422,105633600
2020-08-19 00:00:00+00:00,115.98249816894531,113.0745620727539,117.1624984741211,115.61000061035156,145538000
2020-08-20 00:00:00+00:00,115.75,115.58364868164062,118.39250183105469,115.73249816894531,126907200
2020-08-21 00:00:00+00:00,119.26249694824219,121.53995513916016,124.86750030517578,119.25,338054800
2020-08-24 00:00:00+00:00,128.69749450683594,122.99359130859375,128.78500366210938,123.9375,345937600
2020-08-25 00:00:00+00:00,124.69750213623047,121.98458862304688,125.18000030517578,123.05249786376953,211495600
2020-08-26 00:00:00+00:00,126.18000030517578,123.6434555053711,126.99250030517578,125.0824966430664,163022400
2020-08-27 00:00:00+00:00,127.14250183105469,122.16536712646484,127.48500061035156,123.8324966430664,155552400
2020-08-28 00:00:00+00:00,126.01249694824219,121.96748352050781,126.44249725341797,124.57749938964844,187630000
2020-08-31 00:00:00+00:00,127.58000183105469,126.10366821289062,131.0,126.0,225702700
2020-09-01 00:00:00+00:00,132.75999450683594,131.12669372558594,134.8000030517578,130.52999877929688,151948100
2020-09-02 00:00:00+00:00,137.58999633789062,128.4099578857422,137.97999572753906,127.0,200119000
2020-09-03 00:00:00+00:00,126.91000366210938,118.12934112548828,128.83999633789062,120.5,257599600
2020-09-04 00:00:00+00:00,120.06999969482422,118.2075424194336,123.69999694824219,110.88999938964844,332607200
2020-09-08 00:00:00+00:00,113.94999694824219,110.25276184082031,118.98999786376953,112.68000030517578,231366600
2020-09-09 00:00:00+00:00,117.26000213623047,114.6503677368164,119.13999938964844,115.26000213623047,176940500
2020-09-10 00:00:00+00:00,120.36000061035156,110.90750885009766,120.5,112.5,182274400
2020-09-11 00:00:00+00:00,114.56999969482422,109.45142364501953,115.2300033569336,110.0,180860300
2020-09-14 00:00:00+00:00,114.72000122070312,112.73497009277344,115.93000030517578,112.80000305175781,140150100
2020-09-15 00:00:00+00:00,118.33000183105469,112.91087341308594,118.83000183105469,113.61000061035156,184642000
2020-09-16 00:00:00+00:00,115.2300033569336,109.57846069335938,116.0,112.04000091552734,154679000
2020-09-17 00:00:00+00:00,109.72000122070312,107.82918548583984,112.19999694824219,108.70999908447266,178011000
2020-09-18 00:00:00+00:00,110.4000015258789,104.4088363647461,110.87999725341797,106.08999633789062,287104900
2020-09-21 00:00:00+00:00,104.54000091552734,107.57510375976562,110.19000244140625,103.0999984741211,195713800
2020-09-22 00:00:00+00:00,112.68000030517578,109.26573181152344,112.86000061035156,109.16000366210938,183055400
2020-09-23 00:00:00+00:00,111.62000274658203,104.68246459960938,112.11000061035156,106.7699966430664,150718700
2020-09-24 00:00:00+00:00,105.16999816894531,105.7574462890625,110.25,105.0,167743300
2020-09-25 00:00:00+00:00,108.43000030517578,109.72504425048828,112.44000244140625,107.66999816894531,149981400
2020-09-28 00:00:00+00:00,115.01000213623047,112.34405517578125,115.31999969482422,112.77999877929688,137672400
2020-09-29 00:00:00+00:00,114.55000305175781,111.49386596679688,115.30999755859375,113.56999969482422,99382200
2020-09-30 00:00:00+00:00,113.79000091552734,113.17472076416016,117.26000213623047,113.62000274658203,142675200
2020-10-01 00:00:00+00:00,117.63999938964844,114.1324234008789,117.72000122070312,115.83000183105469,116120400
2020-10-02 00:00:00+00:00,112.88999938964844,110.44822692871094,115.37000274658203,112.22000122070312,144712000
2020-10-05 00:00:00+00:00,113.91000366210938,113.84901428222656,116.6500015258789,113.55000305175781,106243800
2020-10-06 00:00:00+00:00,115.69999694824219,110.58503723144531,116.12000274658203,112.25,161498200
2020-10-07 00:00:00+00:00,114.62000274658203,112.4613265991211,115.55000305175781,114.12999725341797,96849000
2020-10-08 00:00:00+00:00,116.25,112.35385131835938,116.4000015258789,114.58999633789062,83477200
2020-10-09 00:00:00+00:00,115.27999877929688,114.3083267211914,117.0,114.91999816894531,100506900
2020-10-12 00:00:00+00:00,120.05999755859375,121.56925201416016,125.18000030517578,119.27999877929688,240226800
2020-10-13 00:00:00+00:00,125.2699966430664,118.34434509277344,125.38999938964844,119.6500015258789,262330500
2020-10-14 00:00:00+00:00,121.0,118.43229675292969,123.02999877929688,119.62000274658203,150712000
2020-10-15 00:00:00+00:00,118.72000122070312,117.9632339477539,121.19999694824219,118.1500015258789,112559200
2020-10-16 00:00:00+00:00,121.27999877929688,116.31168365478516,121.55000305175781,118.80999755859375,115393800
2020-10-19 00:00:00+00:00,119.95999908447266,113.34085845947266,120.41999816894531,115.66000366210938,120639300
2020-10-20 00:00:00+00:00,116.19999694824219,114.83604431152344,118.9800033569336,115.62999725341797,124423700
2020-10-21 00:00:00+00:00,116.66999816894531,114.21061706542969,118.70999908447266,116.44999694824219,89946000
2020-10-22 00:00:00+00:00,117.44999694824219,113.11608123779297,118.04000091552734,114.58999633789062,101988000
2020-10-23 00:00:00+00:00,116.38999938964844,112.42224884033203,116.55000305175781,114.27999877929688,82572600
2020-10-26 00:00:00+00:00,114.01000213623047,112.43202209472656,116.55000305175781,112.87999725341797,111850700
2020-10-27 00:00:00+00:00,115.48999786376953,113.9467544555664,117.27999877929688,114.54000091552734,92276800
2020-10-28 00:00:00+00:00,115.05000305175781,108.66963195800781,115.43000030517578,111.0999984741211,143937800
2020-10-29 00:00:00+00:00,112.37000274658203,112.69586181640625,116.93000030517578,112.19999694824219,146129200
2020-10-30 00:00:00+00:00,111.05999755859375,106.38287353515625,111.98999786376953,107.72000122070312,190272600
2020-11-02 00:00:00+00:00,109.11000061035156,106.29491424560547,110.68000030517578,107.31999969482422,122866900
2020-11-03 00:00:00+00:00,109.66000366210938,107.92691802978516,111.48999786376953,108.7300033569336,107624400
2020-11-04 00:00:00+00:00,114.13999938964844,112.33428955078125,115.58999633789062,112.3499984741211,138235500
2020-11-05 00:00:00+00:00,117.94999694824219,116.32145690917969,119.62000274658203,116.87000274658203,126387100
2020-11-06 00:00:00+00:00,118.31999969482422,116.18928527832031,119.19999694824219,116.12999725341797,114457900
2020-11-09 00:00:00+00:00,120.5,113.86922454833984,121.98999786376953,116.05000305175781,154515300
2020-11-10 00:00:00+00:00,115.55000305175781,113.526611328125,117.58999633789062,114.12999725341797,138023400
2020-11-11 00:00:00+00:00,117.19000244140625,116.9724349975586,119.62999725341797,116.44000244140625,112295000
2020-11-12 00:00:00+00:00,119.62000274658203,116.69833374023438,120.52999877929688,118.56999969482422,103162300
2020-11-13 00:00:00+00:00,119.44000244140625,116.74729919433594,119.66999816894531,117.87000274658203,81581900
2020-11-16 00:00:00+00:00,118.91999816894531,117.76537322998047,120.98999786376953,118.1500015258789,91183000
2020-11-17 00:00:00+00:00,119.55000305175781,116.87455749511719,120.66999816894531,118.95999908447266,74271000
2020-11-18 00:00:00+00:00,118.61000061035156,115.54320526123047,119.81999969482422,118.0,76322100
2020-11-19 00:00:00+00:00,117.58999633789062,116.14035034179688,119.05999755859375,116.80999755859375,74113000
2020-11-20 00:00:00+00:00,118.63999938964844,114.86774444580078,118.7699966430664,117.29000091552734,73604300
2020-11-23 00:00:00+00:00,117.18000030517578,111.4512710571289,117.62000274658203,113.75,127959300
2020-11-24 00:00:00+00:00,113.91000366210938,112.74345397949219,115.8499984741211,112.58999633789062,113874200
2020-11-25 00:00:00+00:00,115.55000305175781,113.58534240722656,116.75,115.16999816894531,76499200
2020-11-27 00:00:00+00:00,116.56999969482422,114.13353729248047,117.48999786376953,116.22000122070312,46691300
2020-11-30 00:00:00+00:00,116.97000122070312,116.54173278808594,120.97000122070312,116.80999755859375,169410200
2020-12-01 00:00:00+00:00,121.01000213623047,120.13439178466797,123.47000122070312,120.01000213623047,127728200
2020-12-02 00:00:00+00:00,122.0199966430664,120.4867935180664,123.37000274658203,120.88999938964844,89004200
2020-12-03 00:00:00+00:00,123.5199966430664,120.34976196289062,123.77999877929688,122.20999908447266,78967600
2020-12-04 00:00:00+00:00,122.5999984741211,119.67428588867188,122.86000061035156,121.5199966430664,78260400
2020-12-07 00:00:00+00:00,122.30999755859375,121.14269256591797,124.56999969482422,122.25,86712000
2020-12-08 00:00:00+00:00,124.37000274658203,121.75941467285156,124.9800033569336,123.08999633789062,82225500
2020-12-09 00:00:00+00:00,124.52999877929688,119.21420288085938,125.94999694824219,121.0,115089200
2020-12-10 00:00:00+00:00,120.5,120.64342498779297,123.87000274658203,120.1500015258789,81312200
2020-12-11 00:00:00+00:00,122.43000030517578,119.8309326171875,122.76000213623047,120.55000305175781,86939800
2020-12-14 00:00:00+00:00,122.5999984741211,119.21420288085938,123.3499984741211,121.54000091552734,79184500
2020-12-15 00:00:00+00:00,124.33999633789062,125.18567657470703,127.9000015258789,124.12999725341797,157243700
2020-12-16 00:00:00+00:00,127.41000366210938,125.1171646118164,128.3699951171875,126.55999755859375,98208600
2020-12-17 00:00:00+00:00,128.89999389648438,125.98841094970703,129.5800018310547,128.0399932861328,94359800
2020-12-18 00:00:00+00:00,128.9600067138672,123.99139404296875,129.10000610351562,126.12000274658203,192541500
2020-12-21 00:00:00+00:00,125.0199966430664,125.52828979492188,128.30999755859375,123.44999694824219,121251600
2020-12-22 00:00:00+00:00,131.61000061035156,129.1013641357422,134.41000366210938,129.64999389648438,168904800
2020-12-23 00:00:00+00:00,132.16000366210938,128.20077514648438,132.42999267578125,130.77999877929688,88223700
2020-12-24 00:00:00+00:00,131.32000732421875,129.18955993652344,133.4600067138672,131.10000610351562,54930100
2020-12-28 00:00:00+00:00,133.99000549316406,133.81005859375,137.33999633789062,133.50999450683594,124486200
2020-12-29 00:00:00+00:00,138.0500030517578,132.02841186523438,138.7899932861328,134.33999633789062,121047300
2020-12-30 00:00:00+00:00,135.5800018310547,130.90264892578125,135.99000549316406,133.39999389648438,96452100
2020-12-31 00:00:00+00:00,134.0800018310547,129.89431762695312,134.74000549316406,131.72000122070312,99116600
2021-01-04 00:00:00+00:00,133.52000427246094,126.68344116210938,133.61000061035156,126.76000213623047,143301900
2021-01-05 00:00:00+00:00,128.88999938964844,128.24972534179688,131.74000549316406,128.42999267578125,97664900
2021-01-06 00:00:00+00:00,127.72000122070312,123.93264770507812,131.0500030517578,126.37999725341797,155088000
2021-01-07 00:00:00+00:00,128.36000061035156,128.16162109375,131.6300048828125,127.86000061035156,109578200
2021-01-08 00:00:00+00:00,132.42999267578125,129.26783752441406,132.6300048828125,130.22999572753906,105158200
2021-01-11 00:00:00+00:00,129.19000244140625,126.26250457763672,130.1699981689453,128.5,100384500
2021-01-12 00:00:00+00:00,128.5,126.08629608154297,129.69000244140625,126.86000061035156,91951100
2021-01-13 00:00:00+00:00,128.75999450683594,128.1322479248047,131.4499969482422,128.49000549316406,88636800
2021-01-14 00:00:00+00:00,130.8000030517578,126.19398498535156,131.0,128.75999450683594,90221800
2021-01-15 00:00:00+00:00,128.77999877929688,124.46126556396484,130.22000122070312,127.0,111598500
2021-01-19 00:00:00+00:00,127.77999877929688,125.1367416381836,128.7100067138672,126.94000244140625,90757300
2021-01-20 00:00:00+00:00,128.66000366210938,129.2482452392578,132.49000549316406,128.5500030517578,104319500
2021-01-21 00:00:00+00:00,133.8000030517578,133.9862518310547,139.6699981689453,133.58999633789062,120150900
2021-01-22 00:00:00+00:00,136.27999877929688,136.13992309570312,139.85000610351562,135.02000427246094,114459400
2021-01-25 00:00:00+00:00,143.07000732421875,139.90878295898438,145.08999633789062,136.5399932861328,157611700
2021-01-26 00:00:00+00:00,143.60000610351562,140.14373779296875,144.3000030517578,141.3699951171875,98390600
2021-01-27 00:00:00+00:00,143.42999267578125,139.06690979003906,144.3000030517578,140.41000366210938,140843800
2021-01-28 00:00:00+00:00,139.52000427246094,134.20162963867188,141.99000549316406,136.6999969482422,142621100
2021-01-29 00:00:00+00:00,135.8300018310547,129.1797332763672,136.74000549316406,130.2100067138672,177523800
2021-02-01 00:00:00+00:00,133.75,131.3137969970703,135.3800048828125,130.92999267578125,106239800
2021-02-02 00:00:00+00:00,135.72999572753906,132.14588928222656,136.30999755859375,134.61000061035156,83305400
2021-02-03 00:00:00+00:00,135.75999450683594,131.11798095703125,135.77000427246094,133.61000061035156,89880900
2021-02-04 00:00:00+00:00,136.3000030517578,134.49530029296875,137.39999389648438,134.58999633789062,84183100
2021-02-05 00:00:00+00:00,137.35000610351562,134.0786590576172,137.4199981689453,135.86000061035156,75693800
2021-02-08 00:00:00+00:00,136.02999877929688,134.2257080078125,136.9600067138672,134.9199981689453,71297200
2021-02-09 00:00:00+00:00,136.6199951171875,133.34335327148438,137.8800048828125,135.85000610351562,76774200
2021-02-10 00:00:00+00:00,136.47999572753906,132.73548889160156,136.99000549316406,134.39999389648438,73046600
2021-02-11 00:00:00+00:00,135.89999389648438,132.48057556152344,136.38999938964844,133.77000427246094,64280000
2021-02-12 00:00:00+00:00,134.35000610351562,132.71588134765625,135.52999877929688,133.69000244140625,60145100
2021-02-16 00:00:00+00:00,135.49000549316406,130.57862854003906,136.00999450683594,132.7899932861328,80576300
2021-02-17 00:00:00+00:00,131.25,128.27468872070312,132.22000122070312,129.47000122070312,97918500
2021-02-18 00:00:00+00:00,129.1999969482422,127.16687774658203,130.0,127.41000366210938,96856700
2021-02-19 00:00:00+00:00,130.24000549316406,127.32372283935547,130.7100067138672,128.8000030517578,87668800
2021-02-22 00:00:00+00:00,128.00999450683594,123.52960205078125,129.72000122070312,125.5999984741211,103916400
2021-02-23 00:00:00+00:00,123.76000213623047,123.39234924316406,126.70999908447266,118.38999938964844,158273000
2021-02-24 00:00:00+00:00,124.94000244140625,122.89234161376953,125.55999755859375,122.2300033569336,111039900
2021-02-25 00:00:00+00:00,124.68000030517578,118.61783599853516,126.45999908447266,120.54000091552734,148199500
2021-02-26 00:00:00+00:00,122.58999633789062,118.88253021240234,124.8499984741211,121.19999694824219,164560400
2021-03-01 00:00:00+00:00,123.75,125.28450775146484,127.93000030517578,122.79000091552734,116307900
2021-03-02 00:00:00+00:00,128.41000366210938,122.6668472290039,128.72000122070312,125.01000213623047,102260900
2021-03-03 00:00:00+00:00,124.80999755859375,119.66685485839844,125.70999908447266,121.83999633789062,112966300
2021-03-04 00:00:00+00:00,121.75,117.77468872070312,123.5999984741211,118.62000274658203,178155000
2021-03-05 00:00:00+00:00,120.9800033569336,119.03938293457031,121.94000244140625,117.56999969482422,153766600
2021-03-08 00:00:00+00:00,120.93000030517578,114.07859802246094,121.0,116.20999908447266,154376600
2021-03-09 00:00:00+00:00,119.02999877929688,118.71587371826172,122.05999755859375,118.79000091552734,129525800
2021-03-10 00:00:00+00:00,121.69000244140625,117.62762451171875,122.16999816894531,119.44999694824219,111943300
2021-03-11 00:00:00+00:00,122.54000091552734,119.56881713867188,123.20999908447266,121.26000213623047,103026500
2021-03-12 00:00:00+00:00,120.4000015258789,118.65705108642578,121.16999816894531,119.16000366210938,88105100
2021-03-15 00:00:00+00:00,121.41000366210938,121.55899810791016,124.0,120.41999816894531,92403800
2021-03-16 00:00:00+00:00,125.69999694824219,123.10804748535156,127.22000122070312,124.72000122070312,115227900
2021-03-17 00:00:00+00:00,124.05000305175781,122.31391906738281,125.86000061035156,122.33999633789062,111932600
2021-03-18 00:00:00+00:00,122.87999725341797,118.16683959960938,123.18000030517578,120.31999969482422,121229700
2021-03-19 00:00:00+00:00,119.9000015258789,117.63741302490234,121.43000030517578,119.68000030517578,185549500
2021-03-22 00:00:00+00:00,120.33000183105469,120.97077941894531,123.87000274658203,120.26000213623047,111912300
2021-03-23 00:00:00+00:00,123.33000183105469,120.13743591308594,124.23999786376953,122.13999938964844,95467100
2021-03-24 00:00:00+00:00,122.81999969482422,117.73546600341797,122.9000015258789,120.06999969482422,88530500
2021-03-25 00:00:00+00:00,119.54000091552734,118.22566986083984,121.66000366210938,119.0,98844700
2021-03-26 00:00:00+00:00,120.3499984741211,118.8335189819336,121.4800033569336,118.91999816894531,94071200
2021-03-29 00:00:00+00:00,121.6500015258789,119.00997924804688,122.58000183105469,120.7300033569336,80819200
2021-03-30 00:00:00+00:00,120.11000061035156,117.5492172241211,120.4000015258789,118.86000061035156,85671900
2021-03-31 00:00:00+00:00,121.6500015258789,119.75508880615234,123.5199966430664,121.1500015258789,118323800
2021-04-01 00:00:00+00:00,123.66000366210938,120.58841705322266,124.18000030517578,122.48999786376953,75089100
2021-04-05 00:00:00+00:00,123.87000274658203,123.43157196044922,126.16000366210938,123.06999969482422,88651200
2021-04-06 00:00:00+00:00,126.5,123.73548889160156,127.12999725341797,125.6500015258789,80171300
2021-04-07 00:00:00+00:00,125.83000183105469,125.39234924316406,127.91999816894531,125.13999938964844,83466700
2021-04-08 00:00:00+00:00,128.9499969482422,127.80410766601562,130.38999938964844,128.52000427246094,88844600
2021-04-09 00:00:00+00:00,129.8000030517578,130.39234924316406,133.0399932861328,129.47000122070312,106686700
2021-04-12 00:00:00+00:00,132.52000427246094,128.66685485839844,132.85000610351562,130.6300048828125,91420000
2021-04-13 00:00:00+00:00,132.44000244140625,131.7943115234375,134.66000366210938,131.92999267578125,91266500
2021-04-14 00:00:00+00:00,134.94000244140625,129.44137573242188,135.0,131.66000366210938,87222800
2021-04-15 00:00:00+00:00,133.82000732421875,131.86294555664062,135.0,133.63999938964844,89347100
2021-04-16 00:00:00+00:00,134.3000030517578,131.52960205078125,134.6699981689453,133.27999877929688,84922400
2021-04-19 00:00:00+00:00,133.50999450683594,132.1962432861328,135.47000122070312,133.33999633789062,94264200
2021-04-20 00:00:00+00:00,135.02000427246094,130.5001983642578,135.52999877929688,131.80999755859375,94812300
2021-04-21 00:00:00+00:00,132.36000061035156,130.88255310058594,133.75,131.3000030517578,68847100
2021-04-22 00:00:00+00:00,133.0399932861328,129.3531494140625,134.14999389648438,131.41000366210938,84566500
2021-04-23 00:00:00+00:00,132.16000366210938,131.68646240234375,135.1199951171875,132.16000366210938,78657500
2021-04-26 00:00:00+00:00,134.8300018310547,132.07861328125,135.05999755859375,133.55999755859375,66905100
2021-04-27 00:00:00+00:00,135.00999450683594,131.75509643554688,135.41000366210938,134.11000061035156,66015800
2021-04-28 00:00:00+00:00,134.30999755859375,130.96095275878906,135.02000427246094,133.0800018310547,107760100
2021-04-29 00:00:00+00:00,136.47000122070312,130.86294555664062,137.07000732421875,132.4499969482422,151101000
2021-04-30 00:00:00+00:00,131.77999877929688,128.88255310058594,133.55999755859375,131.07000732421875,109839500
2021-05-03 00:00:00+00:00,132.0399932861328,129.9413604736328,134.07000732421875,131.8300018310547,75135100
2021-05-04 00:00:00+00:00,131.19000244140625,125.34332275390625,131.49000549316406,126.69999694824219,137564700
2021-05-05 00:00:00+00:00,129.1999969482422,125.58843231201172,130.4499969482422,127.97000122070312,84000900
2021-05-06 00:00:00+00:00,127.88999938964844,127.1962661743164,129.75,127.12999725341797,78128300
2021-05-07 00:00:00+00:00,130.85000610351562,127.87390899658203,131.25999450683594,129.47999572753906,78973300
2021-05-10 00:00:00+00:00,129.41000366210938,124.57417297363281,129.5399932861328,126.80999755859375,88071200
2021-05-11 00:00:00+00:00,123.5,123.65105438232422,126.2699966430664,122.7699966430664,126142800
2021-05-12 00:00:00+00:00,123.4000015258789,120.56736755371094,124.63999938964844,122.25,112172300
2021-05-13 00:00:00+00:00,124.58000183105469,122.72789764404297,126.1500015258789,124.26000213623047,105861300
2021-05-14 00:00:00+00:00,126.25,125.16340637207031,127.88999938964844,125.8499984741211,81918000
2021-05-17 00:00:00+00:00,126.81999969482422,124.00458526611328,126.93000030517578,125.16999816894531,74244600
2021-05-18 00:00:00+00:00,126.55999755859375,122.61006164550781,126.98999786376953,124.77999877929688,63342900
2021-05-19 00:00:00+00:00,123.16000366210938,122.45293426513672,124.91999816894531,122.86000061035156,92612000
2021-05-20 00:00:00+00:00,125.2300033569336,125.0259017944336,127.72000122070312,125.0999984741211,76857100
2021-05-21 00:00:00+00:00,127.81999969482422,123.17964172363281,128.0,125.20999908447266,79295400
2021-05-24 00:00:00+00:00,126.01000213623047,124.8196792602539,127.94000244140625,125.94000244140625,63092900
2021-05-25 00:00:00+00:00,127.81999969482422,124.62327575683594,128.32000732421875,126.31999969482422,72009500
2021-05-26 00:00:00+00:00,126.95999908447266,124.57417297363281,127.38999938964844,126.41999816894531,56575900
2021-05-27 00:00:00+00:00,126.44000244140625,123.0323486328125,127.63999938964844,125.08000183105469,94625600
2021-05-28 00:00:00+00:00,125.56999969482422,122.37435913085938,125.80000305175781,124.55000305175781,71311100
2021-06-01 00:00:00+00:00,125.08000183105469,122.05026245117188,125.3499984741211,123.94000244140625,67637100
2021-06-02 00:00:00+00:00,124.27999877929688,122.81627655029297,125.23999786376953,124.05000305175781,59278900
2021-06-03 00:00:00+00:00,124.68000030517578,121.32356262207031,124.8499984741211,123.12999725341797,76229200
2021-06-04 00:00:00+00:00,124.06999969482422,123.63140106201172,126.16000366210938,123.8499984741211,75169300
2021-06-07 00:00:00+00:00,126.16999816894531,123.64122009277344,126.31999969482422,124.83000183105469,71057600
2021-06-08 00:00:00+00:00,126.5999984741211,124.46615600585938,128.4600067138672,126.20999908447266,74403800
2021-06-09 00:00:00+00:00,127.20999908447266,124.84915161132812,127.75,126.5199966430664,56877900
2021-06-10 00:00:00+00:00,127.0199966430664,123.84745788574219,128.19000244140625,125.94000244140625,71186400
2021-06-11 00:00:00+00:00,126.52999877929688,125.06520080566406,127.44000244140625,126.0999984741211,53522400
2021-06-14 00:00:00+00:00,127.81999969482422,128.13905334472656,130.5399932861328,127.06999969482422,96906500
2021-06-15 00:00:00+00:00,129.94000244140625,127.31410217285156,130.60000610351562,129.38999938964844,62746300
2021-06-16 00:00:00+00:00,130.3699951171875,127.8149642944336,130.88999938964844,128.4600067138672,91815000
2021-06-17 00:00:00+00:00,129.8000030517578,129.42552185058594,132.5500030517578,129.64999389648438,96721700
2021-06-18 00:00:00+00:00,130.7100067138672,128.11940002441406,131.50999450683594,130.24000549316406,108953300
2021-06-21 00:00:00+00:00,130.3000030517578,129.9263916015625,132.41000366210938,129.2100067138672,79663300
2021-06-22 00:00:00+00:00,132.1300048828125,131.57626342773438,134.0800018310547,131.6199951171875,74783600
2021-06-23 00:00:00+00:00,133.77000427246094,131.30128479003906,134.32000732421875,133.22999572753906,60214200
2021-06-24 00:00:00+00:00,134.4499969482422,131.01649475097656,134.63999938964844,132.92999267578125,68711000
2021-06-25 00:00:00+00:00,133.4600067138672,130.72186279296875,133.88999938964844,132.80999755859375,70783700
2021-06-28 00:00:00+00:00,133.41000366210938,132.36192321777344,135.25,133.35000610351562,62111300
2021-06-29 00:00:00+00:00,134.8000030517578,133.8841094970703,136.49000549316406,134.35000610351562,64556100
2021-06-30 00:00:00+00:00,136.1699981689453,134.50282287597656,137.41000366210938,135.8699951171875,63261400
2021-07-01 00:00:00+00:00,136.60000610351562,134.80722045898438,137.3300018310547,135.75999450683594,52485800
2021-07-02 00:00:00+00:00,137.89999389648438,137.448974609375,140.0,137.75,78852600
2021-07-06 00:00:00+00:00,140.07000732421875,139.47201538085938,143.14999389648438,140.07000732421875,108181800
2021-07-07 00:00:00+00:00,143.5399932861328,141.97625732421875,144.88999938964844,142.66000366210938,104911600
2021-07-08 00:00:00+00:00,141.5800018310547,140.67013549804688,144.05999755859375,140.6699981689453,105575500
2021-07-09 00:00:00+00:00,142.75,142.50656127929688,145.64999389648438,142.64999389648438,99890800
2021-07-12 00:00:00+00:00,146.2100067138672,141.90750122070312,146.32000732421875,144.0,76299700
2021-07-13 00:00:00+00:00,144.02999877929688,143.02703857421875,147.4600067138672,143.6300048828125,100827100
2021-07-14 00:00:00+00:00,148.10000610351562,146.47409057617188,149.57000732421875,147.67999267578125,127050800
2021-07-15 00:00:00+00:00,149.24000549316406,145.8160858154297,150.0,147.08999633789062,106820300
2021-07-16 00:00:00+00:00,148.4600067138672,143.7635955810547,149.75999450683594,145.8800048828125,93251400
2021-07-19 00:00:00+00:00,143.75,139.89430236816406,144.07000732421875,141.6699981689453,121434600
2021-07-20 00:00:00+00:00,143.4600067138672,143.52792358398438,147.10000610351562,142.9600067138672,96350000
2021-07-21 00:00:00+00:00,145.52999877929688,142.79139709472656,146.1300048828125,144.6300048828125,74993500
2021-07-22 00:00:00+00:00,145.94000244140625,144.16624450683594,148.1999969482422,145.80999755859375,77338200
2021-07-23 00:00:00+00:00,147.5500030517578,145.89466857910156,148.72000122070312,146.9199981689453,71447400
2021-07-26 00:00:00+00:00,148.27000427246094,146.3169708251953,149.8300018310547,147.6999969482422,72434100
2021-07-27 00:00:00+00:00,149.1199951171875,144.13677978515625,149.2100067138672,145.5500030517578,104818600
2021-07-28 00:00:00+00:00,144.80999755859375,142.37889099121094,146.97000122070312,142.5399932861328,118931200
2021-07-29 00:00:00+00:00,144.69000244140625,143.02703857421875,146.5500030517578,144.5800018310547,56699500
2021-07-30 00:00:00+00:00,144.3800048828125,143.2431182861328,146.3300018310547,144.11000061035156,70440600
2021-08-02 00:00:00+00:00,146.36000061035156,142.90921020507812,146.9499969482422,145.25,62880000
2021-08-03 00:00:00+00:00,145.80999755859375,144.71621704101562,148.0399932861328,145.17999267578125,64786600
2021-08-04 00:00:00+00:00,147.27000427246094,144.31353759765625,147.7899932861328,146.27999877929688,56368300
2021-08-05 00:00:00+00:00,146.97999572753906,144.4215850830078,147.83999633789062,146.1699981689453,46397700
2021-08-06 00:00:00+00:00,146.35000610351562,143.73312377929688,147.11000061035156,145.6300048828125,54126800
2021-08-09 00:00:00+00:00,146.1999969482422,143.68394470214844,146.6999969482422,145.52000427246094,48908700
2021-08-10 00:00:00+00:00,146.44000244140625,143.20201110839844,147.7100067138672,145.3000030517578,69023100
2021-08-11 00:00:00+00:00,146.0500030517578,143.45774841308594,146.72000122070312,145.52999877929688,48493500
2021-08-12 00:00:00+00:00,146.19000244140625,146.43783569335938,149.0500030517578,145.83999633789062,72282600
2021-08-13 00:00:00+00:00,148.97000122070312,146.64439392089844,149.44000244140625,148.27000427246094,59375000
2021-08-16 00:00:00+00:00,148.5399932861328,148.63108825683594,151.19000244140625,146.47000122070312,103296000
2021-08-17 00:00:00+00:00,150.22999572753906,147.71641540527344,151.67999267578125,149.08999633789062,92229700
2021-08-18 00:00:00+00:00,149.8000030517578,143.94947814941406,150.72000122070312,146.14999389648438,86326000
2021-08-19 00:00:00+00:00,145.02999877929688,144.28387451171875,148.0,144.5,86960300
2021-08-20 00:00:00+00:00,147.44000244140625,145.7493438720703,148.5,146.77999877929688,60549600
2021-08-23 00:00:00+00:00,148.30999755859375,147.2443389892578,150.19000244140625,147.88999938964844,60131800
2021-08-24 00:00:00+00:00,149.4499969482422,147.1558074951172,150.86000061035156,149.14999389648438,48606400
2021-08-25 00:00:00+00:00,149.80999755859375,145.9165496826172,150.32000732421875,147.8000030517578,58991300
2021-08-26 00:00:00+00:00,148.35000610351562,145.11004638671875,149.1199951171875,147.50999450683594,48597200
2021-08-27 00:00:00+00:00,147.47999572753906,146.15260314941406,148.75,146.8300018310547,55802400
2021-08-30 00:00:00+00:00,149.0,150.59815979003906,153.49000549316406,148.61000061035156,90956700
2021-08-31 00:00:00+00:00,152.66000366210938,149.32940673828125,152.8000030517578,151.2899932861328,86453100
2021-09-01 00:00:00+00:00,152.8300018310547,149.99818420410156,154.97999572753906,152.33999633789062,80313700
2021-09-02 00:00:00+00:00,153.8699951171875,151.1194305419922,154.72000122070312,152.39999389648438,71115500
2021-09-03 00:00:00+00:00,153.75999450683594,151.75872802734375,154.6300048828125,153.08999633789062,57808700
2021-09-07 00:00:00+00:00,154.97000122070312,154.109375,157.25999450683594,154.38999938964844,82278300
2021-09-08 00:00:00+00:00,156.97999572753906,152.5553741455078,157.0399932861328,153.97999572753906,74420200
2021-09-09 00:00:00+00:00,155.49000549316406,151.5325164794922,156.11000061035156,153.9499969482422,57305700
2021-09-10 00:00:00+00:00,155.0,146.51651000976562,155.47999572753906,148.6999969482422,140893200
2021-09-13 00:00:00+00:00,150.6300048828125,147.08697509765625,151.4199981689453,148.75,102404300
2021-09-14 00:00:00+00:00,150.35000610351562,145.68051147460938,151.07000732421875,146.91000366210938,109296300
2021-09-15 00:00:00+00:00,148.55999755859375,146.5755157470703,149.44000244140625,146.3699951171875,83281300
2021-09-16 00:00:00+00:00,148.44000244140625,146.33946228027344,148.97000122070312,147.22000122070312,68034100
2021-09-17 00:00:00+00:00,148.82000732421875,143.65444946289062,148.82000732421875,145.75999450683594,129868800
2021-09-20 00:00:00+00:00,143.8000030517578,140.58584594726562,144.83999633789062,141.27000427246094,123478900
2021-09-21 00:00:00+00:00,143.92999267578125,141.06773376464844,144.60000610351562,142.77999877929688,75834000
2021-09-22 00:00:00+00:00,144.4499969482422,143.44793701171875,146.42999267578125,143.6999969482422,76404300
2021-09-23 00:00:00+00:00,146.64999389648438,144.41177368164062,147.0800018310547,145.63999938964844,64838200
2021-09-24 00:00:00+00:00,145.66000366210938,144.5002899169922,147.47000122070312,145.55999755859375,53477900
2021-09-27 00:00:00+00:00,145.47000122070312,142.9757843017578,145.9600067138672,143.82000732421875,74150700
2021-09-28 00:00:00+00:00,143.25,139.57278442382812,144.75,141.69000244140625,108972300
2021-09-29 00:00:00+00:00,142.47000122070312,140.4776153564453,144.4499969482422,142.02999877929688,74602000
2021-09-30 00:00:00+00:00,143.66000366210938,139.16954040527344,144.3800048828125,141.27999877929688,89056700
2021-10-01 00:00:00+00:00,141.89999389648438,140.3005828857422,142.9199981689453,139.11000061035156,94639600
2021-10-04 00:00:00+00:00,141.75999450683594,136.84841918945312,142.2100067138672,138.27000427246094,98322000
2021-10-05 00:00:00+00:00,139.49000549316406,138.7859344482422,142.24000549316406,139.36000061035156,80861100
2021-10-06 00:00:00+00:00,139.47000122070312,139.6613006591797,142.14999389648438,138.3699951171875,83221100
2021-10-07 00:00:00+00:00,143.05999755859375,140.93006896972656,144.22000122070312,142.72000122070312,61732700
2021-10-08 00:00:00+00:00,144.02999877929688,140.5464630126953,144.17999267578125,142.55999755859375,58773200
2021-10-11 00:00:00+00:00,142.27000427246094,140.45794677734375,144.80999755859375,141.80999755859375,64452200
2021-10-12 00:00:00+00:00,143.22999572753906,139.1793670654297,143.25,141.0399932861328,73035900
2021-10-13 00:00:00+00:00,141.24000549316406,138.58924865722656,141.39999389648438,139.1999969482422,78762700
2021-10-14 00:00:00+00:00,142.11000061035156,141.39234924316406,143.8800048828125,141.50999450683594,69907100
2021-10-15 00:00:00+00:00,143.77000427246094,142.45452880859375,144.89999389648438,143.50999450683594,67940300
2021-10-18 00:00:00+00:00,143.4499969482422,144.1363525390625,146.83999633789062,143.16000366210938,85589200
2021-10-19 00:00:00+00:00,147.00999450683594,146.30996704101562,149.1699981689453,146.5500030517578,76378900
2021-10-20 00:00:00+00:00,148.6999969482422,146.8017120361328,149.75,148.1199951171875,58418800
2021-10-21 00:00:00+00:00,148.80999755859375,147.01808166503906,149.63999938964844,147.8699951171875,61421000
2021-10-22 00:00:00+00:00,149.69000244140625,146.2410888671875,150.17999267578125,148.63999938964844,58883400
2021-10-25 00:00:00+00:00,148.67999267578125,146.1919403076172,149.3699951171875,147.6199951171875,50720600
2021-10-26 00:00:00+00:00,149.3300018310547,146.86074829101562,150.83999633789062,149.00999450683594,60893400
2021-10-27 00:00:00+00:00,149.36000061035156,146.39845275878906,149.72999572753906,148.49000549316406,56094900
2021-10-28 00:00:00+00:00,149.82000732421875,150.05723571777344,153.1699981689453,149.72000122070312,100077900
2021-10-29 00:00:00+00:00,147.22000122070312,147.33285522460938,149.94000244140625,146.41000366210938,124953200
2021-11-01 00:00:00+00:00,148.99000549316406,146.5066680908203,149.6999969482422,147.8000030517578,74588300
2021-11-02 00:00:00+00:00,148.66000366210938,147.5492401123047,151.57000732421875,148.64999389648438,69122000
2021-11-03 00:00:00+00:00,150.38999938964844,148.99502563476562,151.97000122070312,149.82000732421875,54511500
2021-11-04 00:00:00+00:00,151.5800018310547,148.47373962402344,152.42999267578125,150.63999938964844,60394600
2021-11-05 00:00:00+00:00,151.88999938964844,149.00563049316406,152.1999969482422,150.05999755859375,65463900
2021-11-08 00:00:00+00:00,151.41000366210938,148.17820739746094,151.57000732421875,150.16000366210938,55020900
2021-11-09 00:00:00+00:00,150.1999969482422,148.54270935058594,151.42999267578125,150.05999755859375,56787900
2021-11-10 00:00:00+00:00,150.02000427246094,145.69613647460938,150.1300048828125,147.85000610351562,65187100
2021-11-11 00:00:00+00:00,148.9600067138672,145.6468963623047,149.42999267578125,147.67999267578125,41000000
2021-11-12 00:00:00+00:00,148.42999267578125,147.7350311279297,150.39999389648438,147.47999572753906,63804000
2021-11-15 00:00:00+00:00,150.3699951171875,147.744873046875,151.8800048828125,149.42999267578125,59222800
2021-11-16 00:00:00+00:00,149.94000244140625,148.72984313964844,151.49000549316406,149.33999633789062,59256200
2021-11-17 00:00:00+00:00,151.0,151.18240356445312,155.0,150.99000549316406,88807000
2021-11-18 00:00:00+00:00,153.7100067138672,155.49652099609375,158.6699981689453,153.0500030517578,137827700
2021-11-19 00:00:00+00:00,157.64999389648438,158.13624572753906,161.02000427246094,156.52999877929688,117305600
2021-11-22 00:00:00+00:00,161.67999267578125,158.59918212890625,165.6999969482422,161.0,117467900
2021-11-23 00:00:00+00:00,161.1199951171875,158.98330688476562,161.8000030517578,159.05999755859375,96041900
2021-11-24 00:00:00+00:00,160.75,159.50534057617188,162.13999938964844,159.63999938964844,69463600
2021-11-26 00:00:00+00:00,159.57000732421875,154.45248413085938,160.4499969482422,156.36000061035156,76959800
2021-11-29 00:00:00+00:00,159.3699951171875,157.83090209960938,161.19000244140625,158.7899932861328,88748200
2021-11-30 00:00:00+00:00,159.99000549316406,162.8148651123047,165.52000427246094,159.9199981689453,174048100
2021-12-01 00:00:00+00:00,167.47999572753906,162.29283142089844,170.3000030517578,164.52999877929688,152052500
2021-12-02 00:00:00+00:00,158.74000549316406,161.29798889160156,164.1999969482422,157.8000030517578,136739200
2021-12-03 00:00:00+00:00,164.02000427246094,159.40682983398438,164.9600067138672,159.72000122070312,118023100
2021-12-06 00:00:00+00:00,164.2899932861328,162.83453369140625,167.8800048828125,164.27999877929688,107497000
2021-12-07 00:00:00+00:00,169.0800018310547,168.60638427734375,171.5800018310547,168.33999633789062,120405400
2021-12-08 00:00:00+00:00,172.1300048828125,172.4477996826172,175.9600067138672,170.6999969482422,116998900
2021-12-09 00:00:00+00:00,174.91000366210938,171.9356231689453,176.75,173.9199981689453,108923700
2021-12-10 00:00:00+00:00,175.2100067138672,176.75209045410156,179.6300048828125,174.69000244140625,115402700
2021-12-13 00:00:00+00:00,181.1199951171875,173.09788513183594,182.1300048828125,175.52999877929688,153237000
2021-12-14 00:00:00+00:00,175.25,171.7090606689453,177.74000549316406,172.2100067138672,139380400
2021-12-15 00:00:00+00:00,175.11000061035156,176.6043701171875,179.5,172.30999755859375,131063300
2021-12-16 00:00:00+00:00,179.27999877929688,169.67018127441406,181.13999938964844,170.75,150185800
2021-12-17 00:00:00+00:00,169.92999267578125,168.56704711914062,173.47000122070312,169.69000244140625,195432700
2021-12-20 00:00:00+00:00,168.27999877929688,167.1979217529297,170.5800018310547,167.4600067138672,107499100
2021-12-21 00:00:00+00:00,171.55999755859375,170.38922119140625,173.1999969482422,169.1199951171875,91185900
2021-12-22 00:00:00+00:00,173.0399932861328,172.9993896484375,175.86000061035156,172.14999389648438,92135300
2021-12-23 00:00:00+00:00,175.85000610351562,173.62977600097656,176.85000610351562,175.27000427246094,68356600
2021-12-27 00:00:00+00:00,177.08999633789062,177.61888122558594,180.4199981689453,177.07000732421875,74919600
2021-12-28 00:00:00+00:00,180.16000366210938,176.59449768066406,181.3300018310547,178.52999877929688,79144300
2021-12-29 00:00:00+00:00,179.3300018310547,176.6831512451172,180.6300048828125,178.13999938964844,62348900
2021-12-30 00:00:00+00:00,179.47000122070312,175.5208740234375,180.57000732421875,178.08999633789062,59773000
2021-12-31 00:00:00+00:00,178.08999633789062,174.90037536621094,179.22999572753906,177.25999450683594,64062300
2022-01-03 00:00:00+00:00,177.8300018310547,179.27357482910156,182.8800048828125,177.7100067138672,104487900
2022-01-04 00:00:00+00:00,182.6300048828125,176.9983367919922,182.94000244140625,179.1199951171875,99310400
2022-01-05 00:00:00+00:00,179.61000061035156,172.29019165039062,180.1699981689453,174.63999938964844,94537600
2022-01-06 00:00:00+00:00,172.6999969482422,169.41407775878906,175.3000030517578,171.63999938964844,96904000
2022-01-07 00:00:00+00:00,172.88999938964844,169.58154296875,174.13999938964844,171.02999877929688,86709100
2022-01-10 00:00:00+00:00,169.0800018310547,169.6012725830078,172.5,168.1699981689453,106765600
2022-01-11 00:00:00+00:00,172.32000732421875,172.4477996826172,175.17999267578125,170.82000732421875,76138300
2022-01-12 00:00:00+00:00,176.1199951171875,172.8910369873047,177.17999267578125,174.82000732421875,74805200
2022-01-13 00:00:00+00:00,175.77999877929688,169.6012725830078,176.6199951171875,171.7899932861328,84505800
2022-01-14 00:00:00+00:00,171.33999633789062,170.46804809570312,173.77999877929688,171.08999633789062,80440800
2022-01-18 00:00:00+00:00,171.50999450683594,167.24720764160156,172.5399932861328,169.41000366210938,90956700
2022-01-19 00:00:00+00:00,170.0,163.7308349609375,171.0800018310547,165.94000244140625,94815000
2022-01-20 00:00:00+00:00,166.97999572753906,162.03672790527344,169.67999267578125,164.17999267578125,91420500
2022-01-21 00:00:00+00:00,164.4199981689453,159.9683074951172,166.3300018310547,162.3000030517578,122848900
2022-01-24 00:00:00+00:00,160.02000427246094,159.19015502929688,162.3000030517578,154.6999969482422,162294600
2022-01-25 00:00:00+00:00,158.97999572753906,157.37782287597656,162.75999450683594,157.02000427246094,115798400
2022-01-26 00:00:00+00:00,163.5,157.2891845703125,164.38999938964844,157.82000732421875,108275300
2022-01-27 00:00:00+00:00,162.4499969482422,156.82623291015625,163.83999633789062,158.27999877929688,121954600
2022-01-28 00:00:00+00:00,165.7100067138672,167.7692108154297,170.35000610351562,162.8000030517578,179935700
2022-01-31 00:00:00+00:00,170.16000366210938,172.15231323242188,175.0,169.50999450683594,115541600
2022-02-01 00:00:00+00:00,174.00999450683594,171.98486328125,174.83999633789062,172.30999755859375,86213900
2022-02-02 00:00:00+00:00,174.75,173.19635009765625,175.8800048828125,173.3300018310547,84914300
2022-02-03 00:00:00+00:00,174.47999572753906,170.30056762695312,176.24000549316406,172.1199951171875,89418100
2022-02-04 00:00:00+00:00,171.67999267578125,170.01458740234375,174.10000610351562,170.67999267578125,82465400
2022-02-07 00:00:00+00:00,172.86000061035156,169.29464721679688,173.9499969482422,170.9499969482422,77251200
2022-02-08 00:00:00+00:00,171.72999572753906,172.42095947265625,175.35000610351562,171.42999267578125,74829200
2022-02-09 00:00:00+00:00,176.0500030517578,173.8509979248047,176.64999389648438,174.89999389648438,71285000
2022-02-10 00:00:00+00:00,174.13999938964844,169.74830627441406,175.47999572753906,171.5500030517578,90865900
2022-02-11 00:00:00+00:00,172.3300018310547,166.3162384033203,173.0800018310547,168.0399932861328,98670700
2022-02-14 00:00:00+00:00,167.3699951171875,166.5529327392578,169.5800018310547,166.55999755859375,86185500
2022-02-15 00:00:00+00:00,170.97000122070312,170.40908813476562,172.9499969482422,170.25,62527400
2022-02-16 00:00:00+00:00,171.85000610351562,170.17237854003906,173.33999633789062,170.0500030517578,61177400
2022-02-17 00:00:00+00:00,171.02999877929688,166.5529327392578,171.91000366210938,168.47000122070312,69589300
2022-02-18 00:00:00+00:00,169.82000732421875,164.99472045898438,170.5399932861328,166.19000244140625,82772700
2022-02-22 00:00:00+00:00,164.97999572753906,162.05577087402344,166.69000244140625,162.14999389648438,91162800
2022-02-23 00:00:00+00:00,165.5399932861328,157.86434936523438,166.14999389648438,159.75,90009200
2022-02-24 00:00:00+00:00,152.5800018310547,160.49754333496094,162.85000610351562,152.0,141147500
2022-02-25 00:00:00+00:00,163.83999633789062,162.57847595214844,165.1199951171875,160.8699951171875,91974200
2022-02-28 00:00:00+00:00,163.05999755859375,162.84475708007812,165.4199981689453,162.42999267578125,95056600
2022-03-01 00:00:00+00:00,164.6999969482422,160.95120239257812,166.60000610351562,161.97000122070312,83474400
2022-03-02 00:00:00+00:00,164.38999938964844,164.26490783691406,167.36000061035156,162.9499969482422,79724800
2022-03-03 00:00:00+00:00,168.47000122070312,163.93943786621094,168.91000366210938,165.5500030517578,76678400
2022-03-04 00:00:00+00:00,164.49000549316406,160.92161560058594,165.5500030517578,162.10000610351562,83737200
2022-03-07 00:00:00+00:00,163.36000061035156,157.10498046875,165.02000427246094,159.0399932861328,96418800
2022-03-08 00:00:00+00:00,158.82000732421875,155.27056884765625,162.8800048828125,155.8000030517578,131148300
2022-03-09 00:00:00+00:00,161.47999572753906,160.70468139648438,163.41000366210938,159.41000366210938,91454900
2022-03-10 00:00:00+00:00,160.1999969482422,156.335693359375,160.38999938964844,155.97999572753906,105342000
2022-03-11 00:00:00+00:00,158.92999267578125,152.59791564941406,159.27999877929688,154.5,96970100
2022-03-14 00:00:00+00:00,151.4499969482422,148.54454040527344,154.1199951171875,150.10000610351562,108732100
2022-03-15 00:00:00+00:00,150.89999389648438,152.9529571533203,155.57000732421875,150.3800048828125,92964300
2022-03-16 00:00:00+00:00,157.0500030517578,157.39097595214844,160.0,154.4600067138672,102300200
2022-03-17 00:00:00+00:00,158.61000061035156,158.40675354003906,161.0,157.6300048828125,75615400
2022-03-18 00:00:00+00:00,160.50999450683594,161.720458984375,164.47999572753906,159.75999450683594,123511700
2022-03-21 00:00:00+00:00,163.50999450683594,163.10118103027344,166.35000610351562,163.00999450683594,95811400
2022-03-22 00:00:00+00:00,165.50999450683594,166.4937744140625,169.4199981689453,164.91000366210938,81532000
2022-03-23 00:00:00+00:00,167.99000549316406,167.86465454101562,172.63999938964844,167.64999389648438,98062700
2022-03-24 00:00:00+00:00,171.05999755859375,171.6714324951172,174.13999938964844,170.2100067138672,90131400
2022-03-25 00:00:00+00:00,173.8800048828125,172.31246948242188,175.27999877929688,172.75,80546200
2022-03-28 00:00:00+00:00,172.1699981689453,173.18035888671875,175.72999572753906,172.0,90371900
2022-03-29 00:00:00+00:00,176.69000244140625,176.49404907226562,179.00999450683594,176.33999633789062,100589400
2022-03-30 00:00:00+00:00,178.5500030517578,175.32046508789062,179.61000061035156,176.6999969482422,92633200
2022-03-31 00:00:00+00:00,177.83999633789062,172.2039794921875,178.02999877929688,174.39999389648438,103049300
2022-04-01 00:00:00+00:00,174.02999877929688,171.90809631347656,174.8800048828125,171.94000244140625,78751300
2022-04-04 00:00:00+00:00,174.57000732421875,175.981201171875,178.49000549316406,174.44000244140625,76468400
2022-04-05 00:00:00+00:00,177.5,172.64779663085938,178.3000030517578,174.4199981689453,73401800
2022-04-06 00:00:00+00:00,172.36000061035156,169.46229553222656,173.6300048828125,170.1300048828125,89058800
2022-04-07 00:00:00+00:00,171.16000366210938,169.7680206298828,173.36000061035156,169.85000610351562,77594700
2022-04-08 00:00:00+00:00,171.77999877929688,167.74624633789062,171.77999877929688,169.1999969482422,76575500
2022-04-11 00:00:00+00:00,168.7100067138672,163.46603393554688,169.02999877929688,165.5,72246700
2022-04-12 00:00:00+00:00,168.02000427246094,165.34976196289062,169.8699951171875,166.63999938964844,79265200
2022-04-13 00:00:00+00:00,167.38999938964844,168.05197143554688,171.0399932861328,166.77000427246094,70618900
2022-04-14 00:00:00+00:00,170.6199951171875,163.0124053955078,171.27000427246094,165.0399932861328,75329400
2022-04-18 00:00:00+00:00,163.9199981689453,162.79544067382812,166.60000610351562,163.57000732421875,69023900
2022-04-19 00:00:00+00:00,165.02000427246094,165.0933380126953,167.82000732421875,163.91000366210938,67723800
2022-04-20 00:00:00+00:00,168.75999450683594,164.9256591796875,168.8800048828125,166.10000610351562,67929800
2022-04-21 00:00:00+00:00,168.91000366210938,164.12681579589844,171.52999877929688,165.91000366210938,87227800
2022-04-22 00:00:00+00:00,166.4600067138672,159.56063842773438,167.8699951171875,161.5,84882400
2022-04-25 00:00:00+00:00,161.1199951171875,160.6356201171875,163.1699981689453,158.4600067138672,96046400
2022-04-26 00:00:00+00:00,162.25,154.639404296875,162.33999633789062,156.72000122070312,95623200
2022-04-27 00:00:00+00:00,155.91000366210938,154.41258239746094,159.7899932861328,155.3800048828125,88063200
2022-04-28 00:00:00+00:00,159.25,161.3851318359375,164.52000427246094,158.92999267578125,130216800
2022-04-29 00:00:00+00:00,161.83999633789062,155.47767639160156,166.1999969482422,157.25,131747600
2022-05-02 00:00:00+00:00,156.7100067138672,155.783447265625,158.22999572753906,153.27000427246094,123055300
2022-05-03 00:00:00+00:00,158.14999389648438,157.28245544433594,160.7100067138672,156.32000732421875,88966500
2022-05-04 00:00:00+00:00,159.6699981689453,163.73233032226562,166.47999572753906,159.25999450683594,108256500
2022-05-05 00:00:00+00:00,163.85000610351562,154.6098175048828,164.0800018310547,154.9499969482422,130525300
2022-05-06 00:00:00+00:00,156.00999450683594,155.34068298339844,159.44000244140625,154.17999267578125,116124600
2022-05-09 00:00:00+00:00,154.92999267578125,150.18505859375,155.8300018310547,151.49000549316406,131577900
2022-05-10 00:00:00+00:00,155.52000427246094,152.60482788085938,156.74000549316406,152.92999267578125,115366700
2022-05-11 00:00:00+00:00,153.5,144.69358825683594,155.4499969482422,145.80999755859375,142689800
2022-05-12 00:00:00+00:00,142.77000427246094,140.80215454101562,146.1999969482422,138.8000030517578,182602000
2022-05-13 00:00:00+00:00,144.58999633789062,145.29608154296875,148.10000610351562,143.11000061035156,113990900
2022-05-16 00:00:00+00:00,145.5500030517578,143.7454376220703,147.52000427246094,144.17999267578125,86643800
2022-05-17 00:00:00+00:00,148.86000061035156,147.39981079101562,149.77000427246094,146.67999267578125,78336300
2022-05-18 00:00:00+00:00,146.85000610351562,139.0836639404297,147.36000061035156,139.89999389648438,109742900
2022-05-19 00:00:00+00:00,139.8800048828125,135.6564178466797,141.66000366210938,136.60000610351562,136095600
2022-05-20 00:00:00+00:00,139.08999633789062,135.89344787597656,140.6999969482422,132.61000061035156,137426100
2022-05-23 00:00:00+00:00,137.7899932861328,141.34539794921875,143.25999450683594,137.64999389648438,117726300
2022-05-24 00:00:00+00:00,140.80999755859375,138.62930297851562,141.97000122070312,137.3300018310547,104132700
2022-05-25 00:00:00+00:00,138.42999267578125,138.787353515625,141.7899932861328,138.33999633789062,92482700
2022-05-26 00:00:00+00:00,137.38999938964844,142.00714111328125,144.33999633789062,137.13999938964844,90601500
2022-05-27 00:00:00+00:00,145.38999938964844,147.79486083984375,149.67999267578125,145.25999450683594,90978500
2022-05-31 00:00:00+00:00,149.07000732421875,147.0047607421875,150.66000366210938,146.83999633789062,103718400
2022-06-01 00:00:00+00:00,149.89999389648438,146.87635803222656,151.74000549316406,147.67999267578125,74286600
2022-06-02 00:00:00+00:00,147.8300018310547,149.34552001953125,151.27000427246094,146.86000061035156,72348100
2022-06-03 00:00:00+00:00,146.89999389648438,143.58741760253906,147.97000122070312,144.4600067138672,88570300
2022-06-06 00:00:00+00:00,147.02999877929688,144.33804321289062,148.57000732421875,144.89999389648438,71598400
2022-06-07 00:00:00+00:00,144.35000610351562,146.87635803222656,149.0,144.10000610351562,67808200
2022-06-08 00:00:00+00:00,148.5800018310547,146.13563537597656,149.8699951171875,147.4600067138672,53950200
2022-06-09 00:00:00+00:00,147.0800018310547,140.88119506835938,147.9499969482422,142.52999877929688,69473000
2022-06-10 00:00:00+00:00,140.27999877929688,135.43911743164062,140.75999450683594,137.05999755859375,91437900
2022-06-13 00:00:00+00:00,132.8699951171875,130.25389099121094,135.1999969482422,131.44000244140625,122207100
2022-06-14 00:00:00+00:00,133.1300048828125,131.1230010986328,133.88999938964844,131.47999572753906,84784300
2022-06-15 00:00:00+00:00,134.2899932861328,133.76011657714844,137.33999633789062,132.16000366210938,91533000
2022-06-16 00:00:00+00:00,132.0800018310547,128.45632934570312,132.38999938964844,129.0399932861328,108123900
2022-06-17 00:00:00+00:00,130.07000732421875,129.93780517578125,133.0800018310547,129.80999755859375,134520300
2022-06-21 00:00:00+00:00,133.4199981689453,134.19468688964844,137.05999755859375,133.32000732421875,81000500
2022-06-22 00:00:00+00:00,134.7899932861328,133.6811065673828,137.75999450683594,133.91000366210938,73409200
2022-06-23 00:00:00+00:00,136.82000732421875,136.56509399414062,138.58999633789062,135.6300048828125,72433800
2022-06-24 00:00:00+00:00,139.89999389648438,139.9132843017578,141.91000366210938,139.77000427246094,89116800
2022-06-27 00:00:00+00:00,142.6999969482422,139.9132843017578,143.49000549316406,140.97000122070312,70207900
2022-06-28 00:00:00+00:00,142.1300048828125,135.74533081054688,143.4199981689453,137.32000732421875,67083400
2022-06-29 00:00:00+00:00,137.4600067138672,137.5132598876953,140.6699981689453,136.6699981689453,66242400
2022-06-30 00:00:00+00:00,137.25,135.03416442871094,138.3699951171875,133.77000427246094,98964500
2022-07-01 00:00:00+00:00,136.0399932861328,137.21693420410156,139.0399932861328,135.66000366210938,71051600
2022-07-05 00:00:00+00:00,137.77000427246094,139.81448364257812,141.61000061035156,136.92999267578125,73353800
2022-07-06 00:00:00+00:00,141.35000610351562,141.1577606201172,144.1199951171875,141.0800018310547,74064300
2022-07-07 00:00:00+00:00,143.2899932861328,144.5454559326172,146.5500030517578,143.27999877929688,66253700
2022-07-08 00:00:00+00:00,145.25999450683594,145.22694396972656,147.5500030517578,145.0,64547800
2022-07-11 00:00:00+00:00,145.6699981689453,143.08370971679688,146.63999938964844,143.77999877929688,63141600
2022-07-12 00:00:00+00:00,145.75999450683594,144.0614776611328,148.4499969482422,145.0500030517578,77588800
2022-07-13 00:00:00+00:00,142.99000549316406,143.696044921875,146.4499969482422,142.1199951171875,71185600
2022-07-14 00:00:00+00:00,144.0800018310547,146.63931274414062,148.9499969482422,143.25,78140700
2022-07-15 00:00:00+00:00,149.77999877929688,148.31832885742188,150.86000061035156,148.1999969482422,76259900
2022-07-18 00:00:00+00:00,150.74000549316406,145.256591796875,151.57000732421875,146.6999969482422,81420900
2022-07-19 00:00:00+00:00,147.9199981689453,149.1381072998047,151.22999572753906,146.91000366210938,82982400
2022-07-20 00:00:00+00:00,151.1199951171875,151.1529541015625,153.72000122070312,150.3699951171875,64823400
2022-07-21 00:00:00+00:00,154.5,153.43446350097656,155.57000732421875,151.94000244140625,65086600
2022-07-22 00:00:00+00:00,155.38999938964844,152.1900177001953,156.27999877929688,153.41000366210938,66675400
2022-07-25 00:00:00+00:00,154.00999450683594,151.06407165527344,155.0399932861328,152.27999877929688,53623900
2022-07-26 00:00:00+00:00,152.25999450683594,149.73074340820312,153.08999633789062,150.8000030517578,55138700
2022-07-27 00:00:00+00:00,152.5800018310547,154.8567352294922,157.3300018310547,152.16000366210938,78620700
2022-07-28 00:00:00+00:00,156.97999572753906,155.40982055664062,157.63999938964844,154.41000366210938,81378700
2022-07-29 00:00:00+00:00,161.24000549316406,160.50621032714844,163.6300048828125,159.5,101786900
2022-08-01 00:00:00+00:00,161.00999450683594,159.51852416992188,163.58999633789062,160.88999938964844,67829400
2022-08-02 00:00:00+00:00,160.10000610351562,158.03701782226562,162.41000366210938,159.6300048828125,59907000
2022-08-03 00:00:00+00:00,160.83999633789062,164.08154296875,166.58999633789062,160.75,82507500
2022-08-04 00:00:00+00:00,166.00999450683594,163.76551818847656,167.19000244140625,164.42999267578125,55474100
2022-08-05 00:00:00+00:00,163.2100067138672,163.53805541992188,165.85000610351562,163.0,56697000
2022-08-08 00:00:00+00:00,166.3699951171875,163.0632781982422,167.80999755859375,164.1999969482422,60276900
2022-08-09 00:00:00+00:00,164.02000427246094,163.1127471923828,165.82000732421875,163.25,63135500
2022-08-10 00:00:00+00:00,167.67999267578125,167.3854217529297,169.33999633789062,166.89999389648438,70170500
2022-08-11 00:00:00+00:00,170.05999755859375,166.64361572265625,170.99000549316406,168.19000244140625,57149200
2022-08-12 00:00:00+00:00,169.82000732421875,170.2140655517578,172.1699981689453,169.39999389648438,68039400
2022-08-15 00:00:00+00:00,171.52000427246094,171.29212951660156,173.38999938964844,171.35000610351562,54091700
2022-08-16 00:00:00+00:00,172.77999877929688,171.13388061523438,173.7100067138672,171.66000366210938,56377100
2022-08-17 00:00:00+00:00,172.77000427246094,172.63720703125,176.14999389648438,172.57000732421875,79542000
2022-08-18 00:00:00+00:00,173.75,172.24159240722656,174.89999389648438,173.1199951171875,62290100
2022-08-19 00:00:00+00:00,173.02999877929688,169.64039611816406,173.74000549316406,171.30999755859375,70346300
2022-08-22 00:00:00+00:00,169.69000244140625,165.73370361328125,169.86000061035156,167.13999938964844,69026800
2022-08-23 00:00:00+00:00,167.0800018310547,165.3974151611328,168.7100067138672,166.64999389648438,54147100
2022-08-24 00:00:00+00:00,167.32000732421875,165.69410705566406,168.11000061035156,166.25,53841500
2022-08-25 00:00:00+00:00,168.77999877929688,168.16673278808594,170.13999938964844,168.35000610351562,51218200
2022-08-26 00:00:00+00:00,170.57000732421875,161.82699584960938,171.0500030517578,163.55999755859375,78961000
2022-08-29 00:00:00+00:00,161.14999389648438,159.61151123046875,162.89999389648438,159.82000732421875,73314000
2022-08-30 00:00:00+00:00,162.1300048828125,157.1685791015625,162.55999755859375,157.72000122070312,77906200
2022-08-31 00:00:00+00:00,160.30999755859375,155.4971160888672,160.5800018310547,157.13999938964844,87991100
2022-09-01 00:00:00+00:00,156.63999938964844,156.22900390625,158.4199981689453,154.6699981689453,74229900
2022-09-02 00:00:00+00:00,159.75,154.10256958007812,160.36000061035156,154.97000122070312,76957800
2022-09-06 00:00:00+00:00,156.47000122070312,152.83660888671875,157.08999633789062,153.69000244140625,73714800
2022-09-07 00:00:00+00:00,154.82000732421875,154.25091552734375,156.6699981689453,153.61000061035156,87449600
2022-09-08 00:00:00+00:00,154.63999938964844,152.76736450195312,156.36000061035156,152.67999267578125,84923800
2022-09-09 00:00:00+00:00,155.47000122070312,155.6454620361328,157.82000732421875,154.75,68028800
2022-09-12 00:00:00+00:00,159.58999633789062,161.6390380859375,164.25999450683594,159.3000030517578,104956000
2022-09-13 00:00:00+00:00,159.89999389648438,152.1541748046875,160.5399932861328,153.3699951171875,122656600
2022-09-14 00:00:00+00:00,154.7899932861328,153.6080322265625,157.10000610351562,153.61000061035156,87965400
2022-09-15 00:00:00+00:00,154.64999389648438,150.7002716064453,155.24000549316406,151.3800048828125,90481100
2022-09-16 00:00:00+00:00,151.2100067138672,149.04856872558594,151.35000610351562,148.3699951171875,162278800
2022-09-19 00:00:00+00:00,149.30999755859375,152.78713989257812,154.55999755859375,149.10000610351562,81474200
2022-09-20 00:00:00+00:00,153.39999389648438,155.18060302734375,158.0800018310547,153.0800018310547,107689800
2022-09-21 00:00:00+00:00,157.33999633789062,152.03549194335938,158.74000549316406,153.60000610351562,101696800
2022-09-22 00:00:00+00:00,152.3800048828125,151.0662078857422,154.47000122070312,150.91000366210938,86652500
2022-09-23 00:00:00+00:00,151.19000244140625,148.78152465820312,151.47000122070312,148.55999755859375,96029900
2022-09-26 00:00:00+00:00,149.66000366210938,149.1177978515625,153.77000427246094,149.63999938964844,93339400
2022-09-27 00:00:00+00:00,152.74000549316406,150.0969696044922,154.72000122070312,149.9499969482422,84442700
2022-09-28 00:00:00+00:00,147.63999938964844,148.19798278808594,150.63999938964844,144.83999633789062,146691400
2022-09-29 00:00:00+00:00,146.10000610351562,140.91864013671875,146.72000122070312,140.67999267578125,128138200
2022-09-30 00:00:00+00:00,141.27999877929688,136.68557739257812,143.10000610351562,138.0,124925300
2022-10-03 00:00:00+00:00,138.2100067138672,140.8889923095703,143.07000732421875,137.69000244140625,114311700
2022-10-04 00:00:00+00:00,145.02999877929688,144.4989776611328,146.22000122070312,144.25999450683594,87830100
2022-10-05 00:00:00+00:00,144.07000732421875,144.79566955566406,147.3800048828125,143.00999450683594,79471000
2022-10-06 00:00:00+00:00,145.80999755859375,143.83628845214844,147.5399932861328,145.22000122070312,68402200
2022-10-07 00:00:00+00:00,142.5399932861328,138.55482482910156,143.10000610351562,139.4499969482422,85925600
2022-10-10 00:00:00+00:00,140.4199981689453,138.8812255859375,141.88999938964844,138.57000732421875,74899000
2022-10-11 00:00:00+00:00,139.89999389648438,137.45700073242188,141.35000610351562,138.22000122070312,77033700
2022-10-12 00:00:00+00:00,139.1300048828125,136.82400512695312,140.36000061035156,138.16000366210938,70433700
2022-10-13 00:00:00+00:00,134.99000549316406,141.42306518554688,143.58999633789062,134.3699951171875,113224000
2022-10-14 00:00:00+00:00,144.30999755859375,136.8635711669922,144.52000427246094,138.19000244140625,88598000
2022-10-17 00:00:00+00:00,141.07000732421875,140.84942626953125,142.89999389648438,140.27000427246094,85250900
2022-10-18 00:00:00+00:00,145.49000549316406,142.17474365234375,146.6999969482422,140.61000061035156,99136600
2022-10-19 00:00:00+00:00,141.69000244140625,142.2835235595703,144.9499969482422,141.5,61758300
2022-10-20 00:00:00+00:00,143.02000427246094,141.8186798095703,145.88999938964844,142.64999389648438,64522000
2022-10-21 00:00:00+00:00,142.8699951171875,145.65614318847656,147.85000610351562,142.64999389648438,86548600
2022-10-24 00:00:00+00:00,147.19000244140625,147.812255859375,150.22999572753906,146.0,75981900
2022-10-25 00:00:00+00:00,150.08999633789062,150.67059326171875,152.49000549316406,149.36000061035156,74732300
2022-10-26 00:00:00+00:00,150.9600067138672,147.7133331298828,151.99000549316406,148.0399932861328,88194300
2022-10-27 00:00:00+00:00,148.07000732421875,143.21322631835938,149.0500030517578,144.1300048828125,109180200
2022-10-28 00:00:00+00:00,148.1999969482422,154.03334045410156,157.5,147.82000732421875,164762400
2022-10-31 00:00:00+00:00,153.16000366210938,151.65965270996094,154.24000549316406,151.9199981689453,97943200
2022-11-01 00:00:00+00:00,155.0800018310547,148.99911499023438,155.4499969482422,149.1300048828125,80379300
2022-11-02 00:00:00+00:00,148.9499969482422,143.44070434570312,152.1699981689453,145.0,93604600
2022-11-03 00:00:00+00:00,142.05999755859375,137.3580780029297,142.8000030517578,138.75,97918500
2022-11-04 00:00:00+00:00,142.08999633789062,137.0906219482422,142.6699981689453,134.3800048828125,140814800
2022-11-07 00:00:00+00:00,137.11000061035156,137.6255645751953,139.14999389648438,135.6699981689453,83374600
2022-11-08 00:00:00+00:00,140.41000366210938,138.2001953125,141.42999267578125,137.49000549316406,89908500
2022-11-09 00:00:00+00:00,138.5,133.6133270263672,138.5500030517578,134.58999633789062,74917800
2022-11-10 00:00:00+00:00,141.24000549316406,145.50149536132812,146.8699951171875,139.5,118854000
2022-11-11 00:00:00+00:00,145.82000732421875,148.3051300048828,150.00999450683594,144.3699951171875,93979700
2022-11-14 00:00:00+00:00,148.97000122070312,146.8983612060547,150.27999877929688,147.42999267578125,73374100
2022-11-15 00:00:00+00:00,152.22000122070312,148.6419677734375,153.58999633789062,148.55999755859375,89868300
2022-11-16 00:00:00+00:00,149.1300048828125,147.4036102294922,149.8699951171875,147.2899932861328,64218300
2022-11-17 00:00:00+00:00,146.42999267578125,149.31561279296875,151.47999572753906,146.14999389648438,80389400
2022-11-18 00:00:00+00:00,152.30999755859375,149.8803253173828,152.6999969482422,149.97000122070312,74829600
2022-11-21 00:00:00+00:00,150.16000366210938,146.63087463378906,150.3699951171875,147.72000122070312,58724100
2022-11-22 00:00:00+00:00,148.1300048828125,148.78062438964844,150.4199981689453,146.92999267578125,51804100
2022-11-23 00:00:00+00:00,149.4499969482422,149.66238403320312,151.8300018310547,149.33999633789062,58301400
2022-11-25 00:00:00+00:00,148.30999755859375,146.7299346923828,148.8800048828125,147.1199951171875,35195900
2022-11-28 00:00:00+00:00,145.13999938964844,142.87619018554688,146.63999938964844,143.3800048828125,69246000
2022-11-29 00:00:00+00:00,144.2899932861328,139.85462951660156,144.80999755859375,140.35000610351562,83763800
2022-11-30 00:00:00+00:00,141.39999389648438,146.6506805419922,148.72000122070312,140.5500030517578,111380900
2022-12-01 00:00:00+00:00,148.2100067138672,146.92808532714844,149.1300048828125,146.61000061035156,71250400
2022-12-02 00:00:00+00:00,145.9600067138672,146.43272399902344,148.0,145.64999389648438,65447400
2022-12-05 00:00:00+00:00,147.77000427246094,145.26376342773438,150.9199981689453,145.77000427246094,68826400
2022-12-06 00:00:00+00:00,147.07000732421875,141.57839965820312,147.3000030517578,141.9199981689453,64727200
2022-12-07 00:00:00+00:00,142.19000244140625,139.62677001953125,143.3699951171875,140.0,69721100
2022-12-08 00:00:00+00:00,142.36000061035156,141.32083129882812,143.52000427246094,141.10000610351562,62128300
2022-12-09 00:00:00+00:00,142.33999633789062,140.83538818359375,145.57000732421875,140.89999389648438,76097000
2022-12-12 00:00:00+00:00,142.6999969482422,143.14369201660156,144.5,141.05999755859375,70462700
2022-12-13 00:00:00+00:00,149.5,144.11453247070312,149.97000122070312,144.24000549316406,93886200
2022-12-14 00:00:00+00:00,145.35000610351562,141.8756103515625,146.66000366210938,141.16000366210938,82291200
2022-12-15 00:00:00+00:00,141.11000061035156,135.22811889648438,141.8000030517578,136.02999877929688,98931900
2022-12-16 00:00:00+00:00,136.69000244140625,133.2566680908203,137.64999389648438,133.72999572753906,160156900
2022-12-19 00:00:00+00:00,135.11000061035156,131.1365966796875,135.1999969482422,131.32000732421875,79592600
2022-12-20 00:00:00+00:00,131.38999938964844,131.06727600097656,133.25,129.88999938964844,77432800
2022-12-21 00:00:00+00:00,132.97999572753906,134.18789672851562,136.80999755859375,132.75,85928000
2022-12-22 00:00:00+00:00,134.35000610351562,130.99790954589844,134.55999755859375,130.3000030517578,77852100
2022-12-23 00:00:00+00:00,130.9199981689453,130.63136291503906,132.4199981689453,129.63999938964844,63814900
2022-12-27 00:00:00+00:00,131.3800048828125,128.81842041015625,131.41000366210938,128.72000122070312,69007800
2022-12-28 00:00:00+00:00,129.6699981689453,124.86558532714844,131.02999877929688,125.87000274658203,85438400
2022-12-29 00:00:00+00:00,127.98999786376953,128.40234375,130.47999572753906,127.7300033569336,75703700
2022-12-30 00:00:00+00:00,128.41000366210938,128.71932983398438,129.9499969482422,127.43000030517578,77034200
